name,email,phone_number,address,salary,department
Justin Melton,leblanclaura@example.com,(788)923-2830,"515 Montgomery Junctions Suite 137, Petersonville, IA 86549",47658,Event
Amanda Evans,kelseyrobinson@example.com,+1-433-410-6819,"51152 Diana Extension Apt. 334, North Michael, NY 95922",54479,Cytogeneticist
Pamela Barrett,stephenstrevor@example.org,590-384-9632,"2039 Wolfe Cliff, East Brucemouth, IN 51124",105345,"Horticulturist,"
Sheryl Brown,jennifer30@example.net,624-899-3989x75954,"Unit 2876 Box 8252, DPO AE 21778",75301,"Teacher,"
Jeffrey Parsons,andrew27@example.com,975-499-4554,"1616 Jerry Road Suite 134, Leestad, AS 68156",83825,Sports
Elizabeth Robinson,tammy76@example.org,707-614-7905,"87108 Mcdonald Place Apt. 984, West Samanthamouth, OR 78197",103110,Occupational
Vanessa Greene,zhangevelyn@example.com,559-396-1630x431,"62877 Allison Isle, Dustinfurt, GA 15440",89239,Social
David Combs,rwebster@example.org,001-396-677-4536x693,"203 Leslie Plain Apt. 847, Benjaminfurt, NE 89529",61825,Information
Thomas Jordan,georgedonald@example.com,001-744-949-4056x01582,"396 Moreno Hill Apt. 254, West Michael, AR 84426",42956,Musician
Brian Fischer,bsimmons@example.org,6496854351,"PSC 0974, Box 4212, APO AA 87168",50960,Arboriculturist
Charles Fleming,buckleywilliam@example.net,983.952.7486,"999 Scott Lakes Suite 980, Williamsonburgh, WA 78486",60618,"Nurse,"
Monique Tucker,vargaskelsey@example.com,001-411-588-2698x18550,"59138 Gamble Lodge Apt. 936, South Laurenview, WI 34819",74077,Sales
William Osborne,david45@example.org,+1-952-694-2828x2563,"Unit 5571 Box 7054, DPO AP 43719",85581,Press
Laura Parker,andrew97@example.net,284.691.4720,"3010 Patricia Ramp, Burnsbury, SC 24803",93707,Community
Jamie Lopez,jaclynward@example.com,470-877-1623x906,"88349 Alexis Streets, South Angela, NV 09606",111257,Licensed
John Thompson,candice77@example.net,689-263-5531,"7013 Johnson Vista Suite 817, Port Jillian, MO 54541",82606,Chemical
Elizabeth Ortiz,stacybeck@example.org,+1-419-800-6286,"5089 Brewer Throughway, Lisaview, AS 20460",106883,Meteorologist
Christopher Lawrence,bakeralicia@example.org,(526)996-2643,"70596 Gallagher Villages, Sheppardbury, IA 21454",115644,Trade
Jeff Graham,caroline00@example.net,802-722-7183,"6385 Morales Street Apt. 294, Smallbury, WI 56766",66901,Haematologist
Danny Key,aaron83@example.com,(681)400-8116x576,"36098 Keith Road, Parksside, WI 87178",102368,Development
Christy Gonzalez,gibbsdiana@example.org,552.521.7389x946,"891 Dawn Rapid Apt. 103, Vanghaven, RI 52748",96638,Sports
Amy Williams,george58@example.net,001-347-953-5763,"2003 Lauren Greens Apt. 960, New Meghanland, ME 18596",86506,"Scientist,"
Valerie Turner,irusso@example.com,(433)350-4364x686,"520 Haley Wall Suite 555, Port Stephanie, AS 82184",108012,"Engineer,"
Stephanie Larson,jillblake@example.net,+1-886-592-9928,"34735 Sloan Plaza Apt. 127, Marcville, CO 91858",113544,Actor
Wendy Walter,slee@example.org,667-865-7370x56588,"7731 White Parkway, Hollyhaven, CT 81003",41599,Customer
Devon Murillo,murrayaudrey@example.com,001-926-345-2395x5881,"863 Karen Plaza, Gouldview, AR 27097",44083,Optometrist
Christopher Hart,morrowtony@example.org,+1-439-746-9646,"239 Mark Square Suite 866, Rebeccaview, TX 51587",112513,Graphic
Paige Richardson,cedwards@example.com,+1-371-280-1835x7904,"063 Marshall Mews, Yangbury, IN 20312",71915,"Engineer,"
Sean Flores,kparker@example.com,(524)545-3121x109,"0337 Nixon Creek Apt. 182, Brettville, FM 81191",42013,"Teacher,"
Brittany Tyler,jenniferclark@example.net,+1-225-459-4424,"251 Bishop Ways, South Chloeport, VA 15554",114594,"Engineer,"
Andrew Rojas,reedjennifer@example.com,370.459.2482x5790,"801 Young Well Suite 800, Port Stevenland, TX 59052",95626,Museum
Victoria Mcclain,jamesneal@example.net,001-634-464-7534x85877,"174 Christopher Circles Apt. 249, East Frank, NM 11160",80974,Community
Elizabeth Peterson,edwardslisa@example.com,+1-729-976-6854,"293 Todd Circles, Maryburgh, DE 22407",45872,Analytical
Johnathan Moody,christopher56@example.com,5469819040,"574 John Manor, Guzmanstad, MO 09897",111553,"Psychologist,"
Robert Jones,vfigueroa@example.org,001-813-398-6689x84905,"75017 Harper Islands Apt. 817, Alexanderberg, SC 91439",108909,IT
Brandon Robinson,browndavid@example.net,911.831.2797x80111,"3114 Patterson Viaduct Suite 868, Port Jamiebury, ID 76529",112917,Proofreader
Stephanie Luna,jamesgomez@example.net,(616)734-9022x344,"67192 Edwin Common, Michaelhaven, PA 62845",103602,Bookseller
Joseph Maynard,drewcook@example.org,(957)999-4988x84082,"757 Soto Shore, New Kevinfort, AL 66321",85460,Veterinary
Patricia Johnson,jonesariel@example.com,571.309.6482,"56456 Carr Key Suite 239, Patrickhaven, TX 32832",83534,Publishing
Brian Kerr,yhall@example.org,(400)372-6742x4902,"97757 Sarah Locks, West David, MN 54102",52982,Magazine
Jessica Wilson,paula52@example.net,600-365-0846x090,"PSC 4469, Box 9813, APO AP 64115",71238,Waste
Deanna Smith,james99@example.com,910-564-3317,"2506 Warner Parkway, West Lisa, RI 35316",43071,Senior
Diana Hoffman,johnsonstephanie@example.net,001-500-375-8325x586,"9769 Johnson Locks Suite 784, Jeremyfurt, MN 60734",99159,"Engineer,"
Keith Brown,rmay@example.net,+1-433-229-8152x122,"8890 John Bypass Suite 481, Gillfort, IA 60235",91706,Data
Timothy Jackson,qturner@example.org,(528)625-3708,"3106 Sarah Drives, Maryborough, WV 89793",92426,Network
Mark Johnson,ann06@example.com,+1-608-842-2082x7179,"245 Harper Village, Smithshire, FM 31500",119723,Chief
Kylie Collins,bcontreras@example.org,001-910-902-1334,"1661 Kimberly Land Suite 468, Mooreburgh, MA 70402",75371,Agricultural
Carolyn Miller,iconrad@example.org,301-405-4493x6817,"04247 Allison Row Apt. 037, Port Heather, GU 20283",46773,Nature
Zachary Baker,stewartrachel@example.com,001-286-365-7397x7643,"0937 Jessica Pine Apt. 314, Lake Bradborough, TN 45443",49354,Magazine
Evelyn Rice,andersoncasey@example.org,001-966-410-0734x77134,"175 Katie Extension Apt. 146, Haynesview, WY 20400",42971,Analytical
